Brand=["Pearl Tubeless Toothpaste"],Reporting Range=["Monthly"],Select year=["2025"],Select month=["December"]
"Search Query","Search Query Score","Search Query Volume","Impressions: Total Count","Impressions: Brand Count","Impressions: Brand Share %","Clicks: Total Count","Clicks: Click Rate %","Clicks: Brand Count","Clicks: Brand Share %","Clicks: Price (Median)","Clicks: Brand Price (Median)","Clicks: Same Day Shipping Speed","Clicks: 1D Shipping Speed","Clicks: 2D Shipping Speed","Cart Adds: Total Count","Cart Adds: Cart Add Rate %","Cart Adds: Brand Count","Cart Adds: Brand Share %","Cart Adds: Price (Median)","Cart Adds: Brand Price (Median)","Cart Adds: Same Day Shipping Speed","Cart Adds: 1D Shipping Speed","Cart Adds: 2D Shipping Speed","Purchases: Total Count","Purchases: Purchase Rate %","Purchases: Brand Count","Purchases: Brand Share %","Purchases: Price (Median)","Purchases: Brand Price (Median)","Purchases: Same Day Shipping Speed","Purchases: 1D Shipping Speed","Purchases: 2D Shipping Speed","Reporting Date"
"toothpaste tablets with fluoride","1","1901","58497","1823","3.116399131579397","1376","72.38295633876906","46","3.3430232558139537","15.0","12.989999771118164","143","324","335","303","15.938979484481852","15","4.9504950495049505","12.989999771118164","12.989999771118164","27","64","64","117","6.154655444502893","4","3.4188034188034186","12.99","12.99","9","44","24","2025-12-31"
"toothpaste tablets","2","16606","450554","2469","0.5479920275926969","10674","64.27797181741539","29","0.2716882143526326","15.989999771118164","12.989999771118164","1175","2289","2182","2875","17.31301939058172","6","0.20869565217391303","14.949999809265137","12.989999771118164","316","654","592","988","5.949656750572083","1","0.10121457489878542","14.95","12.99","120","278","217","2025-12-31"
"toddler toothpaste","3","62399","1406181","2046","0.1455004725565201","43255","69.32002115418516","98","0.22656340307478903","7.989999771118164","20.0","9701","13335","7097","19109","30.62388820333659","0","0.0","4.980000019073486",,"4818","6179","2857","10105","16.194169778361832","0","0.0","4.97",,"2875","3467","1452","2025-12-31"
"pearl toothpaste","4","345","8829","668","7.565975761694416","204","59.130434782608695","53","25.980392156862745","17.8799991607666","18.989999771118164","11","39","79","30","8.695652173913043","2","6.666666666666667","12.5","12.989999771118164","0","4","13","11","3.1884057971014492","0","0.0","9.97",,"0","3","3","2025-12-31"
"infant toothpaste","5","7384","168042","211","0.12556384713345473","5609","75.96153846153845","15","0.26742734890354786","5.440000057220459","20.0","1056","1488","986","2350","31.825568797399782","2","0.0851063829787234","4.489999771118164","20.0","540","666","377","1143","15.479414951245937","1","0.08748906386701662","4.49","20.0","282","356","188","2025-12-31"
"tubeless toothpaste","6","26","1018","88","8.644400785854616","34","130.76923076923077","10","29.41176470588235","16.969999313354492","18.989999771118164","1","4","3","4","15.384615384615385","3","75.0","15.0","18.989999771118164","1","1","0","1","3.8461538461538463","1","100.0","18.99","18.99","0","1","0","2025-12-31"
"fluoride toothpaste tablets","7","355","9479","395","4.167106234834899","224","63.098591549295776","8","3.5714285714285716","15.989999771118164","18.989999771118164","17","39","36","49","13.802816901408452","2","4.081632653061225","16.969999313354492","18.989999771118164","4","9","6","18","5.070422535211268","1","5.555555555555555","16.97","18.99","2","4","3","2025-12-31"
"toothpaste tablets travel","8","665","19159","455","2.3748629886737302","416","62.55639097744361","6","1.4423076923076923","11.989999771118164","12.989999771118164","33","108","94","131","19.69924812030075","2","1.5267175572519085","9.989999771118164","12.989999771118164","16","28","32","35","5.263157894736842","1","2.857142857142857","11.99","18.99","7","7","6","2025-12-31"
"toothpaste","9","1473525","36707329","1122","0.003056610302536586","845319","57.36712984170611","11","0.0013012838940092439","12.800000190734863","15.0","225701","243293","119469","447519","30.370641828268948","0","0.0","12.210000038146973",,"129425","135103","61851","265879","18.043738653908147","0","0.0","12.49",,"84338","84616","36844","2025-12-31"
"kids toothpaste","10","204319","4770747","670","0.014043922262069231","130590","63.91476074178123","22","0.01684661918983077","9.989999771118164","20.0","30979","40193","20304","62619","30.6476637023478","0","0.0","7.96999979019165",,"16550","19649","8986","35622","17.43450193080428","0","0.0","7.97",,"10526","11787","5068","2025-12-31"
"travel toothpaste","11","80362","2180622","868","0.039805156510390155","50557","62.911575122570376","5","0.00988982732361493","7.0","12.989999771118164","11927","16767","8227","24030","29.902192578581914","1","0.004161464835622139","6.900000095367432","12.989999771118164","6618","8487","3683","14062","17.49832010154053","0","0.0","6.91",,"4222","5272","2128","2025-12-31"
"chewable toothpaste tablets","12","1065","32150","226","0.702954898911353","660","61.97183098591549","3","0.45454545454545453","15.989999771118164","12.989999771118164","121","149","133","166","15.586854460093896","1","0.6024096385542169","13.989999771118164","12.989999771118164","24","29","45","52","4.882629107981221","1","1.9230769230769231","15.0","12.99","10","12","15","2025-12-31"
"pearl pop toothpaste","13","582","14211","566","3.982830201956231","360","61.855670103092784","5","1.3888888888888888","23.0","18.989999771118164","6","31","51","122","20.962199312714777","2","1.639344262295082","23.0","18.989999771118164","1","12","13","31","5.326460481099656","0","0.0","23.0",,"1","2","6","2025-12-31"
"pearl toothpaste tablets","14","13","427","38","8.899297423887587","8","61.53846153846154","4","50.0","18.989999771118164","18.989999771118164","0","0","2","1","7.6923076923076925","1","100.0","18.989999771118164","18.989999771118164","0","0","1","1","7.6923076923076925","1","100.0","18.99","18.99","0","0","1","2025-12-31"
"tablet toothpaste","15","692","18015","78","0.43297252289758537","404","58.38150289017341","2","0.49504950495049505","15.989999771118164","12.989999771118164","28","73","113","109","15.751445086705202","1","0.9174311926605505","14.949999809265137","12.989999771118164","9","21","24","37","5.346820809248555","1","2.7027027027027026","14.99","12.99","4","8","8","2025-12-31"
"pearlies remineralising whitening everyday toothpaste tablets | mint | 2 months supply, 125 tabs | fluoride","16","33","1143","31","2.7121609798775155","10","30.303030303030305","3","30.0","15.989999771118164","25.0","2","2","1","1","3.0303030303030303","1","100.0","25.0","25.0","0","0","0","1","3.0303030303030303","1","100.0","25.0","25.0","0","0","0","2025-12-31"
"baby toothpaste with fluoride","17","5100","121958","271","0.2222076452549238","3846","75.41176470588236","15","0.39001560062402496","8.970000267028809","20.0","742","1254","620","892","17.49019607843137","1","0.11210762331838565","8.949999809265137","20.0","209","296","135","438","8.588235294117647","0","0.0","8.97",,"122","141","67","2025-12-31"
"toothpaste tablets travel size","18","97","2594","24","0.9252120277563608","54","55.670103092783506","1","1.8518518518518519","9.989999771118164","12.989999771118164","3","12","9","18","18.556701030927837","1","5.555555555555555","9.989999771118164","12.989999771118164","0","5","4","5","5.154639175257731","1","20.0","12.99","12.99","0","2","1","2025-12-31"
"toothpaste bites with fluoride","19","23","602","20","3.3222591362126246","19","82.6086956521739","1","5.2631578947368425","15.989999771118164","12.989999771118164","0","5","8","4","17.391304347826086","1","25.0","14.989999771118164","12.989999771118164","0","0","3","3","13.043478260869565","1","33.333333333333336","14.99","12.99","0","0","2","2025-12-31"
"pearl dental","20","4","157","7","4.45859872611465","1","25.0","1","100.0","24.989999771118164","24.989999771118164","0","1","0","1","25.0","1","100.0","24.989999771118164","24.989999771118164","0","1","0","1","25.0","1","100.0","24.99","24.99","0","1","0","2025-12-31"
"fluoride mints","21","12","443","4","0.9029345372460497","6","50.0","1","16.666666666666668","19.959999084472656","12.989999771118164","0","1","1","1","8.333333333333332","1","100.0","12.989999771118164","12.989999771118164","0","0","1","1","8.333333333333332","1","100.0","12.99","12.99","0","0","1","2025-12-31"
"tablet toothpaste “with fluoride” whitening","22","1","26","2","7.6923076923076925","1","100.0","1","100.0","12.989999771118164","12.989999771118164","0","0","1","1","100.0","1","100.0","12.989999771118164","12.989999771118164","0","0","1","1","100.0","1","100.0","12.99","12.99","0","0","1","2025-12-31"
"pearl fluoride mint toothpaste tablets","23","1","20","2","10.0","1","100.0","1","100.0","24.989999771118164","24.989999771118164","0","0","1","1","100.0","1","100.0","24.989999771118164","24.989999771118164","0","0","1","1","100.0","1","100.0","24.99","24.99","0","0","1","2025-12-31"
"pearl jars￼","24","1","20","1","5.0","1","100.0","1","100.0","15.0","15.0","0","0","0","1","100.0","1","100.0","15.0","15.0","0","0","0","1","100.0","1","100.0","15.0","15.0","0","0","0","2025-12-31"
"travel size sensodyne toothpaste extra whitening","25","12","264","1","0.3787878787878788","13","108.33333333333333","1","7.6923076923076925","12.989999771118164","12.989999771118164","6","1","1","2","16.666666666666664","1","50.0","8.920000076293945","12.989999771118164","0","0","1","2","16.666666666666664","1","50.0","8.92","12.99","0","0","1","2025-12-31"
"kid toothpaste","26","14703","370077","397","0.10727497250572178","8826","60.02856559885738","14","0.1586222524359846","9.949999809265137","20.0","2026","2911","1393","4341","29.52458681901653","0","0.0","7.96999979019165",,"1141","1433","654","2490","16.935319322587226","0","0.0","7.97",,"723","845","380","2025-12-31"
"toothpaste pearls","27","90","1826","140","7.667031763417306","71","78.88888888888889","6","8.450704225352112","19.700000762939453","12.989999771118164","12","14","20","15","16.666666666666664","2","13.333333333333334","14.989999771118164","12.989999771118164","4","4","4","0","0.0","0",,,,"0","0","0","2025-12-31"
"travel toothpaste tablets","28","351","9621","198","2.05799812909261","192","54.700854700854705","4","2.0833333333333335","11.989999771118164","12.989999771118164","14","43","35","64","18.233618233618234","2","3.125","9.989999771118164","12.989999771118164","3","15","12","19","5.413105413105413","0","0.0","9.99",,"1","8","4","2025-12-31"
"toothpaste tabs with fluoride","29","212","5858","239","4.079890747695459","187","88.20754716981132","8","4.278074866310161","12.989999771118164","12.989999771118164","7","33","49","35","16.50943396226415","1","2.857142857142857","12.989999771118164","12.989999771118164","0","9","10","15","7.0754716981132075","0","0.0","12.99",,"0","3","4","2025-12-31"
"pearl drops toothpaste","30","1312","47935","681","1.420673829143632","681","51.90548780487805","0","0.0","10.0600004196167",,"22","144","169","278","21.1890243902439","0","0.0","9.970000267028809",,"11","54","69","136","10.365853658536585","0","0.0","9.97",,"8","27","34","2025-12-31"
"pearl tubeless toothpaste","31","14","315","58","18.41269841269841","8","57.14285714285714","8","100.0","24.989999771118164","24.989999771118164","0","2","1","1","7.142857142857142","1","100.0","20.0","20.0","0","0","0","0","0.0","0",,,,"0","0","0","2025-12-31"
"fluoride tablets for adults","32","118","3328","19","0.5709134615384616","76","64.40677966101694","2","2.6315789473684212","16.989999771118164","12.989999771118164","4","22","9","9","7.627118644067797","2","22.22222222222222","12.989999771118164","12.989999771118164","1","3","1","2","1.694915254237288","0","0.0","8.97",,"0","2","0","2025-12-31"
"travel size toothpaste","33","48772","1377232","499","0.03623209452002277","29918","61.34257360780776","2","0.006684938832809679","6.989999771118164","12.989999771118164","6293","9244","5197","12988","26.630033625850896","0","0.0","6.889999866485596",,"3260","4336","2154","7075","14.506274091691953","0","0.0","6.89",,"1990","2605","1146","2025-12-31"
"toothpaste tablets plastic free","34","423","23275","514","2.2083780880773363","8","1.8912529550827424","0","0.0","15.989999771118164",,"0","1","3","2","0.4728132387706856","0","0.0","15.989999771118164",,"0","0","1","0","0.0","0",,,,"0","0","0","2025-12-31"
"toothpaste tablet","35","602","18009","158","0.8773391082236659","274","45.51495016611295","2","0.7299270072992701","15.989999771118164","12.989999771118164","16","56","44","76","12.624584717607974","1","1.3157894736842106","15.989999771118164","12.989999771118164","5","21","13","23","3.820598006644518","0","0.0","12.99",,"1","10","5","2025-12-31"
"kids toothpaste with fluoride","36","11872","305605","285","0.09325763649154956","7744","65.22911051212938","5","0.06456611570247933","9.989999771118164","20.0","1690","2433","1300","3140","26.44878706199461","0","0.0","7.96999979019165",,"798","986","517","1714","14.43733153638814","0","0.0","7.97",,"486","567","283","2025-12-31"
"pearls toothpaste","37","89","1880","167","8.882978723404255","22","24.719101123595504","1","4.545454545454546","12.989999771118164","12.989999771118164","2","3","8","7","7.865168539325842","1","14.285714285714286","9.989999771118164","12.989999771118164","0","2","1","4","4.49438202247191","0","0.0","9.95",,"0","2","1","2025-12-31"
"toothpaste tabs with fluoride whitening","38","10","328","20","6.097560975609756","7","70.0","3","42.857142857142854","18.989999771118164","18.989999771118164","0","6","0","1","10.0","1","100.0","18.989999771118164","18.989999771118164","0","1","0","0","0.0","0",,,,"0","0","0","2025-12-31"
"travel toothpaste 3 oz","39","3540","107797","330","0.3061309683942967","2277","64.32203389830508","1","0.04391743522178305","8.079999923706055","12.989999771118164","604","740","377","1037","29.293785310734467","0","0.0","6.989999771118164",,"299","352","160","670","18.926553672316384","0","0.0","6.99",,"217","233","102","2025-12-31"
"no bs toothpaste tablets","40","8614","191964","287","0.14950719926652914","6067","70.43185511957279","2","0.032965221691115876","19.989999771118164",,"1313","1451","1003","2889","33.53842581843511","0","0.0","19.989999771118164",,"717","749","458","1088","12.630601346644996","0","0.0","19.99",,"307","302","178","2025-12-31"
"bite toothpaste tablets","41","2317","63646","313","0.4917826729095308","1311","56.581786793267156","1","0.07627765064836003","24.989999771118164","12.989999771118164","94","370","322","489","21.104876996115667","0","0.0","24.989999771118164",,"34","146","121","215","9.279240397065172","0","0.0","24.99",,"12","75","55","2025-12-31"
"vanilla fluoride toothpaste","42","72","1886","16","0.848356309650053","77","106.94444444444444","2","2.5974025974025974","14.989999771118164","20.0","2","10","2","15","20.833333333333336","1","6.666666666666667","8.989999771118164","20.0","1","2","2","4","5.555555555555555","0","0.0","8.99",,"0","1","1","2025-12-31"
"childrens toothpaste","43","4637","119337","155","0.12988427729874222","2756","59.43497951261592","5","0.18142235123367198","9.989999771118164","20.0","676","786","439","1334","28.768600388182016","0","0.0","7.96999979019165",,"356","413","183","807","17.4034936381281","0","0.0","7.97",,"239","258","107","2025-12-31"
"mineralization toothpaste","44","100","2276","4","0.1757469244288225","64","64.0","2","3.125","11.75","12.989999771118164","16","7","14","20","20.0","1","5.0","11.75","12.989999771118164","3","5","5","10","10.0","0","0.0","11.75",,"3","2","2","2025-12-31"
"toddler toothpaste age 2-4","45","5712","142682","221","0.15488989501128383","3787","66.29901960784314","3","0.07921837866385001","7.989999771118164","20.0","932","1136","618","1621","28.378851540616246","0","0.0","5.980000019073486",,"391","519","276","862","15.091036414565826","0","0.0","4.98",,"235","300","134","2025-12-31"
"toothpaste tabs","46","1857","53754","289","0.5376344086021505","1184","63.7587506731287","1","0.08445945945945946","14.989999771118164","12.989999771118164","76","210","178","326","17.555196553581045","0","0.0","12.989999771118164",,"28","72","70","119","6.4081852450188475","0","0.0","12.99",,"14","34","32","2025-12-31"
"plastic free toothpaste","47","797","32875","325","0.9885931558935361","320","40.150564617314934","0","0.0","13.989999771118164",,"47","59","81","40","5.018820577164367","0","0.0","13.989999771118164",,"6","13","7","13","1.631116687578419","0","0.0","15.0",,"1","4","5","2025-12-31"
"toothpaste pills","48","424","12202","29","0.23766595640059007","232","54.71698113207547","1","0.43103448275862066","15.989999771118164","12.989999771118164","30","80","39","82","19.339622641509436","1","1.2195121951219512","12.989999771118164","12.989999771118164","14","24","17","35","8.254716981132075","0","0.0","15.99",,"5","12","10","2025-12-31"
"fluoride varnish","49","3398","69754","21","0.03010580038420736","2131","62.713360800470866","1","0.04692632566870014","18.350000381469727","18.989999771118164","185","294","237","384","11.300765155974101","1","0.2604166666666667","18.350000381469727","18.989999771118164","43","54","51","92","2.707474985285462","0","0.0","18.35",,"15","17","16","2025-12-31"
"pasta dental de perlas","50","7","141","19","13.47517730496454","4","57.14285714285714","1","25.0","14.300000190734863","25.0","0","0","0","3","42.857142857142854","1","33.333333333333336","14.300000190734863","25.0","0","0","0","0","0.0","0",,,,"0","0","0","2025-12-31"
"mini toothpaste","51","10601","290503","198","0.06815764381090729","6299","59.418922743137436","3","0.04762660739799968","9.199999809265137","20.0","1060","1911","1157","2730","25.75228752004528","0","0.0","6.989999771118164",,"568","912","478","1179","11.12159230261296","0","0.0","6.95",,"310","463","197","2025-12-31"
"children's toothpaste","52","5533","142410","119","0.08356154764412611","3249","58.720404843665285","5","0.1538935056940597","11.369999885559082","20.0","572","973","490","1282","23.170070486173866","0","0.0","7.96999979019165",,"309","403","176","678","12.253750225917225","0","0.0","7.97",,"181","232","96","2025-12-31"
"sea shell jar","53","139","3136","10","0.31887755102040816","53","38.1294964028777","1","1.8867924528301887","19.989999771118164","15.0","1","8","13","16","11.510791366906476","1","6.25","19.989999771118164","15.0","0","3","2","2","1.4388489208633095","0","0.0","24.99",,"0","1","1","2025-12-31"
"trial size toothpaste tablets","54","16","357","9","2.5210084033613445","12","75.0","1","8.333333333333334","9.989999771118164","9.989999771118164","4","3","1","5","31.25","1","20.0","9.989999771118164","9.989999771118164","3","1","0","1","6.25","0","0.0","7.99",,"0","0","0","2025-12-31"
"whitening toothpaste tablets with fluoride","55","14","543","9","1.6574585635359116","8","57.14285714285714","1","12.5","16.989999771118164","12.989999771118164","0","2","1","4","28.57142857142857","1","25.0","12.989999771118164","12.989999771118164","0","1","1","0","0.0","0",,,,"0","0","0","2025-12-31"
"minted ultra mint flavor solid toothpaste tablet","56","13","377","5","1.3262599469496021","4","30.76923076923077","1","25.0","15.989999771118164","9.989999771118164","0","2","0","2","15.384615384615385","1","50.0","9.989999771118164","9.989999771118164","0","1","0","0","0.0","0",,,,"0","0","0","2025-12-31"
"tablet toothpaste bulk","57","5","110","4","3.6363636363636362","4","80.0","1","25.0","18.989999771118164","25.0","0","2","2","1","20.0","1","100.0","25.0","25.0","0","1","0","0","0.0","0",,,,"0","0","0","2025-12-31"
"tubeless toothpaste pearl","58","1","60","4","6.666666666666667","2","200.0","1","50.0","12.989999771118164","15.0","0","0","0","2","200.0","1","50.0","12.989999771118164","15.0","0","0","0","0","0.0","0",,,,"0","0","0","2025-12-31"
"selahatin toothpaste","59","219","5081","3","0.059043495374926196","71","32.42009132420091","1","1.408450704225352","11.640000343322754","12.989999771118164","22","18","6","11","5.0228310502283104","1","9.090909090909092","10.619999885559082","12.989999771118164","5","2","3","3","1.36986301369863","0","0.0","7.5",,"2","0","0","2025-12-31"
"yoothpaste tabs with fluoride￼","60","3","60","3","5.0","6","200.0","1","16.666666666666668","12.989999771118164","25.0","0","0","6","5","166.66666666666669","1","20.0","21.989999771118164","25.0","0","0","5","0","0.0","0",,,,"0","0","0","2025-12-31"
"natural toothpaste tablets travel","61","6","161","3","1.8633540372670807","1","16.666666666666664","1","100.0",,,"0","0","0","1","16.666666666666664","1","100.0",,,"0","0","0","0","0.0","0",,,,"0","0","0","2025-12-31"
"toothpaste tablets with fluoride pearl","62","1","22","3","13.636363636363637","1","100.0","1","100.0","18.989999771118164","18.989999771118164","0","0","1","1","100.0","1","100.0","18.989999771118164","18.989999771118164","0","0","1","0","0.0","0",,,,"0","0","0","2025-12-31"
"travel","63","496736","10398231","3","2.885106130071548E-5","145661","29.323624621529344","1","6.865255627793301E-4","12.989999771118164","12.989999771118164","26815","32490","20612","35349","7.116254912065967","1","0.0028289343404339583","9.989999771118164","12.989999771118164","7887","8914","5177","9497","1.9118807575855181","0","0.0","9.49",,"2757","2804","1281","2025-12-31"
"toothpaste tablets sampler","64","3","105","3","2.857142857142857","6","200.0","1","16.666666666666668","13.0","12.989999771118164","1","2","1","4","133.33333333333331","1","25.0","12.989999771118164","12.989999771118164","0","2","1","2","66.66666666666666","0","0.0","13.0",,"0","1","1","2025-12-31"
"travel toothpaste sensitive tabs","65","2","40","2","5.0","1","50.0","1","100.0","9.989999771118164","9.989999771118164","0","0","0","1","50.0","1","100.0","9.989999771118164","9.989999771118164","0","0","0","0","0.0","0",,,,"0","0","0","2025-12-31"
"all natural toothpaste tablets with added fluoride travel case","66","3","61","2","3.278688524590164","2","66.66666666666666","1","50.0","18.989999771118164","18.989999771118164","0","0","2","1","33.33333333333333","1","100.0","18.989999771118164","18.989999771118164","0","0","1","0","0.0","0",,,,"0","0","0","2025-12-31"
"vanilla nobs toothpaste","67","4","80","2","2.5","6","150.0","1","16.666666666666668","12.989999771118164","12.989999771118164","0","1","0","4","100.0","1","25.0","11.619999885559082","12.989999771118164","0","1","0","0","0.0","0",,,,"0","0","0","2025-12-31"
"sonisk toothpaste ranlets","68","1","22","1","4.545454545454546","1","100.0","1","100.0","12.989999771118164","12.989999771118164","0","0","0","1","100.0","1","100.0","12.989999771118164","12.989999771118164","0","0","0","0","0.0","0",,,,"0","0","0","2025-12-31"
"mouthwash bits","69","23","755","1","0.13245033112582782","12","52.17391304347826","1","8.333333333333334","19.989999771118164","12.989999771118164","4","1","4","3","13.043478260869565","1","33.333333333333336","19.989999771118164","12.989999771118164","0","0","2","1","4.3478260869565215","0","0.0","19.99",,"0","0","0","2025-12-31"
"extra small toothpaste multipack with flouride for sensitive gums tsa","70","13","265","1","0.37735849056603776","6","46.15384615384615","1","16.666666666666668","9.59000015258789","12.989999771118164","0","0","6","2","15.384615384615385","1","50.0","1.9900000095367432","12.989999771118164","0","0","2","0","0.0","0",,,,"0","0","0","2025-12-31"
"crest plus toothpaste travel","71","2","43","1","2.3255813953488373","1","50.0","1","100.0","12.989999771118164","12.989999771118164","1","0","0","1","50.0","1","100.0","12.989999771118164","12.989999771118164","1","0","0","0","0.0","0",,,,"0","0","0","2025-12-31"
"potassium nitrate toothpaste tablets","72","2","40","1","2.5","2","100.0","1","50.0","9.989999771118164","12.989999771118164","0","0","1","2","100.0","1","50.0","9.989999771118164","12.989999771118164","0","0","1","0","0.0","0",,,,"0","0","0","2025-12-31"
"natural toothpaste tablets with floride","73","1","26","1","3.8461538461538463","4","400.0","1","25.0","12.989999771118164","12.989999771118164","0","1","3","4","400.0","1","25.0","12.989999771118164","12.989999771118164","0","1","3","0","0.0","0",,,,"0","0","0","2025-12-31"
"pasta de dientes solida co probióticos de loha","74","4","74","1","1.3513513513513513","1","25.0","1","100.0","12.989999771118164","12.989999771118164","0","0","1","1","25.0","1","100.0","12.989999771118164","12.989999771118164","0","0","1","0","0.0","0",,,,"0","0","0","2025-12-31"
"baking soda fluoride toothpaste non plastic","75","1","60","1","1.6666666666666667","1","100.0","1","100.0","12.989999771118164","12.989999771118164","0","0","0","1","100.0","1","100.0","12.989999771118164","12.989999771118164","0","0","0","0","0.0","0",,,,"0","0","0","2025-12-31"
"toothpaste for toddlers 1-3","76","8559","205029","118","0.057552833989338095","5814","67.92849631966351","4","0.06879944960440317","6.710000038146973","20.0","1267","1738","872","2379","27.795303189624953","0","0.0","4.559999942779541",,"558","758","366","1200","14.020329477742727","0","0.0","4.49",,"309","413","202","2025-12-31"
"fluoride tablets","77","265","6751","80","1.1850096282032292","225","84.90566037735849","5","2.2222222222222223","15.989999771118164","18.989999771118164","34","52","39","25","9.433962264150944","0","0.0","16.989999771118164",,"2","8","3","5","1.8867924528301887","0","0.0","18.35",,"0","2","0","2025-12-31"
"pearl drops tooth polish","78","1177","34231","219","0.6397709678361719","787","66.86491079014444","0","0.0","9.970000267028809",,"29","115","188","329","27.952421410365336","0","0.0","9.970000267028809",,"12","68","94","161","13.678844519966017","0","0.0","9.97",,"8","38","48","2025-12-31"
"toothpaste kids","79","21834","509373","93","0.01825774039848991","13903","63.67591829257122","3","0.021578076674099115","9.420000076293945","20.0","3072","4005","1976","6758","30.951726664834663","0","0.0","7.96999979019165",,"1695","1973","865","3732","17.092607859302007","0","0.0","7.97",,"1026","1166","451","2025-12-31"
"huppy toothpaste tablets","80","1376","39479","194","0.4914004914004914","824","59.883720930232556","0","0.0","15.989999771118164",,"57","159","200","293","21.293604651162788","0","0.0","15.989999771118164",,"22","66","75","133","9.665697674418606","0","0.0","15.99",,"10","40","31","2025-12-31"
"bite toothpaste","81","1390","42420","189","0.44554455445544555","845","60.79136690647482","0","0.0","24.989999771118164",,"93","199","227","264","18.992805755395683","0","0.0","24.989999771118164",,"19","81","69","105","7.553956834532374","0","0.0","24.99",,"6","37","29","2025-12-31"
"baby toothpaste","82","52030","1242801","101","0.008126803888957283","38040","73.11166634633865","2","0.005257623554153523","4.96999979019165","20.0","7884","10477","5794","16459","31.633672881030172","0","0.0","4.489999771118164",,"3873","4994","2441","8368","16.08302902171824","0","0.0","4.49",,"2244","2735","1334","2025-12-31"
"marvis toothpaste","83","148367","3402434","93","0.002733337369659485","115545","77.87782997566845","2","0.0017309273443247219","13.0","12.989999771118164","22835","24732","16703","49953","33.66853815201494","0","0.0","13.5",,"10803","11291","7175","18495","12.465710029858391","0","0.0","13.5",,"4825","4825","2921","2025-12-31"
"vanilla toothpaste","84","2573","68984","125","0.18120143801461208","1734","67.3921492421298","1","0.05767012687427912","10.989999771118164","20.0","244","309","362","553","21.492421298095607","0","0.0","8.989999771118164",,"68","111","114","230","8.938981733385154","0","0.0","8.99",,"36","51","41","2025-12-31"
"solid toothpaste","85","481","12978","79","0.6087224533826475","313","65.07276507276507","2","0.6389776357827476","12.989999771118164","25.0","30","66","81","59","12.266112266112266","0","0.0","11.989999771118164",,"7","16","9","11","2.2869022869022873","0","0.0","16.97",,"3","4","1","2025-12-31"
"toothpaste with fluoride","86","2668","74533","74","0.09928488052272148","1622","60.79460269865068","2","0.12330456226880394","13.489999771118164","20.0","319","483","253","572","21.43928035982009","0","0.0","13.489999771118164",,"147","169","93","257","9.632683658170915","0","0.0","12.99",,"79","75","46","2025-12-31"
"natural dentist","87","601","22037","144","0.6534464763806326","311","51.74708818635607","0","0.0","7.989999771118164",,"44","59","64","135","22.462562396006653","0","0.0","7.989999771118164",,"26","27","24","71","11.813643926788686","0","0.0","7.99",,"19","17","13","2025-12-31"
"fluoride toothpaste for toddlers 1-3","88","1635","40722","69","0.16944157949020186","1082","66.17737003058105","2","0.18484288354898337","9.989999771118164","20.0","255","374","139","310","18.960244648318042","0","0.0","8.899999618530273",,"74","93","41","146","8.929663608562691","0","0.0","8.99",,"39","40","25","2025-12-31"
"oris toothpaste tablets","89","3351","77120","141","0.18283195020746887","1799","53.68546702476873","0","0.0","18.989999771118164",,"85","217","333","594","17.726051924798565","0","0.0","18.989999771118164",,"24","79","122","154","4.595643091614444","0","0.0","18.99",,"8","25","38","2025-12-31"
"pearl natural toothpaste","90","28","1341","65","4.847129008202834","8","28.57142857142857","2","25.0","11.989999771118164","25.0","0","0","5","0","0.0","0",,,,"0","0","0","0","0.0","0",,,,"0","0","0","2025-12-31"
"fluoride toothpaste kids","91","3105","73218","60","0.0819470621978202","1952","62.86634460547504","2","0.10245901639344263","10.079999923706055","20.0","416","607","324","718","23.123993558776167","0","0.0","8.989999771118164",,"176","241","104","332","10.692431561996779","0","0.0","8.99",,"93","117","49","2025-12-31"
"toddler toothpaste with fluoride","92","2779","66259","58","0.08753527822635415","2067","74.37927311982727","2","0.09675858732462506","8.989999771118164","20.0","419","635","396","677","24.36128103634401","0","0.0","7.989999771118164",,"151","231","104","344","12.378553436487945","0","0.0","8.9",,"83","128","53","2025-12-31"
"tooth paste","93","65598","1910832","124","0.0064893198355480755","37102","56.559651208878314","0","0.0","12.729999542236328",,"9036","10645","5337","20261","30.88661239671941","0","0.0","11.989999771118164",,"5496","6121","2854","11361","17.319125583097044","0","0.0","12.49",,"3398","3641","1614","2025-12-31"
"toothpaste tablets with flouride","94","30","880","50","5.681818181818182","35","116.66666666666667","2","5.714285714285714","15.989999771118164","12.989999771118164","0","8","7","7","23.333333333333332","0","0.0","16.950000762939453",,"0","1","1","1","3.3333333333333335","0","0.0","21.99",,"0","0","0","2025-12-31"
"tablet toothpaste with fluoride","95","85","2154","79","3.6675951717734447","64","75.29411764705883","1","1.5625","15.989999771118164","25.0","7","10","31","10","11.76470588235294","0","0.0","12.989999771118164",,"0","3","3","6","7.0588235294117645","0","0.0","12.99",,"0","1","2","2025-12-31"
"white sea glass","96","556","14527","76","0.5231637640256075","350","62.94964028776978","1","0.2857142857142857","9.989999771118164","15.0","5","33","76","114","20.503597122302157","0","0.0","9.989999771118164",,"1","15","28","64","11.510791366906476","0","0.0","9.99",,"1","12","20","2025-12-31"
"fluoride baby toothpaste","97","627","15189","38","0.2501810520771611","563","89.792663476874","2","0.3552397868561279","8.989999771118164","20.0","109","211","104","110","17.543859649122805","0","0.0","8.989999771118164",,"31","39","21","52","8.293460925039872","0","0.0","9.99",,"18","15","10","2025-12-31"
"pearl jar","98","58","1224","38","3.104575163398693","10","17.24137931034483","2","20.0","8.989999771118164","15.0","2","2","1","2","3.4482758620689653","0","0.0","6.989999771118164",,"2","0","0","1","1.7241379310344827","0","0.0","6.99",,"1","0","0","2025-12-31"
"toothpaste tablets fluoride","99","67","1965","36","1.83206106870229","68","101.49253731343283","2","2.9411764705882355","15.0","18.989999771118164","7","11","19","10","14.925373134328357","0","0.0","15.989999771118164",,"0","1","1","2","2.9850746268656714","0","0.0","10.99",,"0","1","0","2025-12-31"
"pearl oral health toothpaste","100","73","1897","73","3.848181338956247","37","50.68493150684932","1","2.7027027027027026","14.489999771118164","24.0","7","11","12","5","6.8493150684931505","0","0.0","18.0",,"2","1","0","2","2.73972602739726","0","0.0","14.45",,"1","0","0","2025-12-31"
"nobs toothpaste tablets","101","31134","680136","106","0.015585118270463555","22776","73.15475043360956","0","0.0","19.989999771118164",,"5184","5398","3742","10160","32.6331341941286","0","0.0","19.989999771118164",,"2606","2568","1577","4133","13.274876340977709","0","0.0","19.99",,"1185","1119","654","2025-12-31"
"kids tooth paste","102","4601","120170","31","0.02579678788383124","2823","61.35622690719409","2","0.07084661707403471","8.989999771118164","20.0","572","862","421","1363","29.623994783742663","0","0.0","5.980000019073486",,"328","379","216","704","15.301021517061509","0","0.0","5.98",,"188","216","115","2025-12-31"
"toothpaste tablet travel","103","39","2098","65","3.098188751191611","6","15.384615384615385","1","16.666666666666668","19.989999771118164",,"1","2","3","0","0.0","0",,,,"0","0","0","0","0.0","0",,,,"0","0","0","2025-12-31"
"toothpaste kids 6-12","104","3268","80281","26","0.032386243320337314","2273","69.55324357405141","2","0.08798944126704795","11.15999984741211","20.0","558","770","350","1001","30.630354957160343","0","0.0","7.96999979019165",,"240","337","169","552","16.891064871481028","0","0.0","7.97",,"145","205","84","2025-12-31"
"pasta dental para niños","105","3683","82057","57","0.06946390923382527","2037","55.308172685310886","1","0.049091801669121256","7.96999979019165","20.0","479","536","281","736","19.98370893293511","0","0.0","4.989999771118164",,"207","237","98","315","8.552810209068694","0","0.0","4.99",,"99","106","44","2025-12-31"
"petite pearl toothpaste","106","17","348","19","5.459770114942529","2","11.76470588235294","2","100.0","20.0","20.0","0","0","0","0","0.0","0",,,,"0","0","0","0","0.0","0",,,,"0","0","0","2025-12-31"
"whitening toothpaste tabs with fluoride","107","5","105","18","17.142857142857142","3","60.0","2","66.66666666666667","18.989999771118164","18.989999771118164","0","3","0","0","0.0","0",,,,"0","0","0","0","0.0","0",,,,"0","0","0","2025-12-31"
"toothpaste travel","108","3696","101959","55","0.05394325169921243","2266","61.30952380952381","1","0.0441306266548985","6.96999979019165","12.989999771118164","552","734","368","1024","27.705627705627705","0","0.0","5.489999771118164",,"292","356","128","564","15.259740259740258","0","0.0","5.95",,"169","198","81","2025-12-31"
"pearl flouride tablets","109","6","108","18","16.666666666666668","6","100.0","2","33.333333333333336","12.989999771118164","12.989999771118164","0","0","0","1","16.666666666666664","0","0.0","12.989999771118164",,"0","0","0","0","0.0","0",,,,"0","0","0","2025-12-31"
"tsa toothpaste","110","421","11572","54","0.4666436225371587","300","71.25890736342043","1","0.3333333333333333","6.989999771118164","25.0","81","87","31","91","21.61520190023753","0","0.0","3.9800000190734863",,"30","27","13","41","9.73871733966746","0","0.0","3.03",,"19","11","6","2025-12-31"
"fluoride treatment kit","111","85","1820","13","0.7142857142857143","112","131.76470588235293","2","1.7857142857142858","18.350000381469727","18.989999771118164","1","11","18","9","10.588235294117647","0","0.0","11.9399995803833",,"1","3","0","1","1.1764705882352942","0","0.0","17.48",,"0","1","0","2025-12-31"
"flouride toothpaste tabes","112","6","132","12","9.090909090909092","4","66.66666666666666","2","50.0","12.989999771118164","12.989999771118164","0","0","1","0","0.0","0",,,,"0","0","0","0","0.0","0",,,,"0","0","0","2025-12-31"
"toothpaste making kit with tubes","113","22","492","11","2.2357723577235773","28","127.27272727272727","2","7.142857142857143","14.989999771118164","18.989999771118164","3","3","12","3","13.636363636363635","0","0.0","7.889999866485596",,"1","0","2","0","0.0","0",,,,"0","0","0","2025-12-31"
"aluminum tube toothpaste with fluoride","114","40","1101","10","0.9082652134423251","21","52.5","2","9.523809523809524","13.989999771118164",,"1","1","1","1","2.5","0","0.0","13.989999771118164",,"0","0","0","0","0.0","0",,,,"0","0","0","2025-12-31"
"tsa approved toothpaste tablets","115","4","83","8","9.63855421686747","12","300.0","2","16.666666666666668","12.989999771118164","18.989999771118164","0","3","6","0","0.0","0",,,,"0","0","0","0","0.0","0",,,,"0","0","0","2025-12-31"
"extra small toothpaste","116","30","760","5","0.6578947368421053","32","106.66666666666667","2","6.25","14.210000038146973","12.989999771118164","7","13","5","4","13.333333333333334","0","0.0","1.7699999809265137",,"2","1","0","2","6.666666666666667","0","0.0","1.77",,"1","1","0","2025-12-31"
"boka toothpaste","117","107316","2449212","41","0.001674007803326131","82928","77.27459092772746","1","0.0012058653289600616","11.75","12.989999771118164","19503","21161","12774","32899","30.656192925565616","0","0.0","11.75",,"8820","9018","4804","14639","13.641022773864103","0","0.0","11.75",,"4414","4372","2094","2025-12-31"
"tsa approved travel toothpaste","118","761","18518","78","0.42121179393023006","405","53.21944809461235","0","0.0","6.980000019073486",,"89","123","84","220","28.909329829172144","0","0.0","3.9800000190734863",,"60","72","35","113","14.848883048620237","0","0.0","5.79",,"30","43","16","2025-12-31"
"crema dental pastillas made in usa","119","4","85","3","3.5294117647058822","38","950.0","2","5.2631578947368425","19.950000762939453","25.0","0","0","0","0","0.0","0",,,,"0","0","0","0","0.0","0",,,,"0","0","0","2025-12-31"
"toothpaste pearl pops","120","1","20","2","10.0","7","700.0","2","28.571428571428573","23.0","18.989999771118164","0","1","3","0","0.0","0",,,,"0","0","0","0","0.0","0",,,,"0","0","0","2025-12-31"
"pearl jars","121","43","1210","38","3.1404958677685952","14","32.55813953488372","1","7.142857142857143","27.989999771118164","15.0","1","2","5","4","9.30232558139535","0","0.0","30.989999771118164",,"1","2","0","0","0.0","0",,,,"0","0","0","2025-12-31"
"natural travel toothpaste","122","191","4834","36","0.7447248655357882","120","62.82722513089005","1","0.8333333333333334","6.809999942779541","12.989999771118164","14","40","32","38","19.895287958115183","0","0.0","6.539999961853027",,"5","13","11","20","10.471204188481675","0","0.0","5.95",,"3","8","6","2025-12-31"
"miffy toothpaste","123","197","4560","35","0.7675438596491229","40","20.304568527918782","1","2.5","12.989999771118164","18.989999771118164","3","7","12","8","4.060913705583756","0","0.0","12.989999771118164",,"0","2","1","1","0.5076142131979695","0","0.0","21.0",,"0","0","1","2025-12-31"
"natural toothpaste","124","24922","656354","34","0.005180131453453472","15493","62.165957788299494","1","0.006454527851287678","12.779999732971191","12.989999771118164","3426","3909","2360","4691","18.822726907952813","0","0.0","12.779999732971191",,"1154","1330","716","2173","8.719203916218602","0","0.0","12.78",,"634","661","337","2025-12-31"
"pearla white toothpaste","125","355","7660","34","0.44386422976501305","265","74.64788732394366","1","0.37735849056603776","14.979999542236328","25.0","31","54","78","85","23.943661971830984","0","0.0","12.989999771118164",,"10","21","26","37","10.422535211267606","0","0.0","13.5",,"7","9","15","2025-12-31"
"dry toothpaste","126","304","8276","34","0.4108264862252296","210","69.07894736842105","1","0.47619047619047616","12.989999771118164","12.989999771118164","24","57","41","40","13.157894736842104","0","0.0","12.84000015258789",,"6","12","4","15","4.934210526315789","0","0.0","12.99",,"2","4","1","2025-12-31"
"pearla toothpaste","127","1299","29335","69","0.23521390830066474","887","68.2832948421863","0","0.0","14.979999542236328",,"87","224","225","346","26.63587374903772","0","0.0","14.979999542236328",,"40","100","86","176","13.548883756735949","0","0.0","14.98",,"25","56","47","2025-12-31"
"small toothpaste travel size","128","1215","38427","31","0.08067244385458142","697","57.36625514403292","1","0.14347202295552366","8.0","9.989999771118164","153","218","147","300","24.691358024691358","0","0.0","6.949999809265137",,"67","94","63","165","13.580246913580247","0","0.0","6.89",,"41","53","33","2025-12-31"
"water activated toothpaste","129","188","4268","29","0.6794751640112465","68","36.17021276595745","1","1.4705882352941178","9.989999771118164","12.989999771118164","6","17","18","31","16.48936170212766","0","0.0","9.989999771118164",,"5","10","6","1","0.5319148936170213","0","0.0","9.99",,"0","1","0","2025-12-31"
"infant toothpaste with fluoride","130","790","21208","29","0.13674085250848736","535","67.72151898734177","1","0.18691588785046728","8.989999771118164","20.0","138","149","104","136","17.21518987341772","0","0.0","9.899999618530273",,"41","41","23","63","7.974683544303797","0","0.0","9.9",,"27","12","10","2025-12-31"
"toothpaste whitening","131","123139","3317622","65","0.0019592346566305627","73879","59.996426802231625","0","0.0","12.970000267028809",,"19357","21496","10876","39465","32.049147711123204","0","0.0","12.970000267028809",,"11337","12093","5730","23401","19.003727494944737","0","0.0","12.98",,"7379","7515","3349","2025-12-31"
"organic toothpaste","132","12261","334401","28","0.008373180702210818","8003","65.27200065247533","1","0.012495314257153568","12.210000038146973","12.989999771118164","1707","1903","1201","2420","19.737378680368646","0","0.0","12.170000076293945",,"579","658","340","1134","9.248837778321507","0","0.0","12.17",,"295","320","189","2025-12-31"
"travel size toothpaste bulk","133","2341","70088","28","0.03994977742266864","1394","59.547202050405815","1","0.07173601147776183","21.0","25.0","98","347","341","508","21.700128150363092","0","0.0","20.889999389648438",,"49","137","119","198","8.4579239641179","0","0.0","20.89",,"29","56","52","2025-12-31"
"parla toothpaste tablets","134","96","2816","27","0.9588068181818182","33","34.375","1","3.0303030303030303","19.989999771118164","9.989999771118164","0","5","10","7","7.291666666666667","0","0.0","19.989999771118164",,"0","3","1","1","1.0416666666666665","0","0.0","15.99",,"0","1","0","2025-12-31"
"bite toothpaste bits","135","470","14050","64","0.4555160142348754","238","50.638297872340424","0","0.0","24.989999771118164",,"7","65","69","66","14.042553191489363","0","0.0","24.989999771118164",,"3","18","22","23","4.8936170212765955","0","0.0","24.99",,"0","8","7","2025-12-31"
"teeth whitening powder","136","16257","408617","62","0.015173132786937401","8858","54.4872977794181","0","0.0","15.989999771118164",,"1183","2115","1700","2931","18.029156670972505","0","0.0","17.899999618530273",,"436","711","576","1126","6.926247155071661","0","0.0","18.99",,"193","320","228","2025-12-31"
"unpaste toothpaste tablets","137","482","16584","59","0.35576459237819585","272","56.43153526970954","0","0.0","12.989999771118164",,"16","28","63","136","28.21576763485477","0","0.0","12.989999771118164",,"5","12","32","64","13.278008298755188","0","0.0","12.99",,"1","5","19","2025-12-31"
"whitening toothpaste","138","152581","3990169","59","0.0014786341129912042","97311","63.776617009981585","0","0.0","12.970000267028809",,"21717","25942","15196","41873","27.443128567777116","0","0.0","12.960000038146973",,"10608","12037","6248","20138","13.198235691206639","0","0.0","12.96",,"5866","6422","2991","2025-12-31"
"kids fluoride toothpaste","139","5928","167926","21","0.012505508378690614","3703","62.46626180836707","1","0.027005130974885227","9.960000038146973","20.0","720","1156","655","1286","21.69365721997301","0","0.0","8.899999618530273",,"324","409","202","703","11.858974358974358","0","0.0","8.99",,"196","239","111","2025-12-31"
"huppy toothpaste tablets refill","140","543","14320","20","0.13966480446927373","406","74.76979742173113","1","0.24630541871921183","15.989999771118164","12.989999771118164","29","101","77","124","22.83609576427256","0","0.0","19.989999771118164",,"10","31","22","54","9.94475138121547","0","0.0","41.99",,"5","17","9","2025-12-31"
"tsa approved toothpaste","141","293","7335","57","0.7770961145194274","123","41.979522184300336","0","0.0","7.150000095367432",,"31","30","16","54","18.43003412969283","0","0.0","3.0399999618530273",,"14","13","8","25","8.532423208191126","0","0.0","3.03",,"8","6","4","2025-12-31"
"toothpaste tablets sensitive teeth","142","68","2471","19","0.7689194658033185","26","38.23529411764706","1","3.8461538461538463","19.989999771118164","12.989999771118164","4","1","5","12","17.647058823529413","0","0.0","17.989999771118164",,"1","1","3","3","4.411764705882353","0","0.0","20.0",,"0","0","1","2025-12-31"
"oris health","143","708","13468","56","0.4158004158004158","323","45.62146892655367","0","0.0","20.989999771118164",,"9","30","52","76","10.734463276836157","0","0.0","20.989999771118164",,"4","8","11","16","2.2598870056497176","0","0.0","28.99",,"1","5","2","2025-12-31"
"ec30 toothpaste discs","144","624","13526","55","0.4066242791660506","205","32.8525641025641","0","0.0","9.989999771118164",,"13","60","48","87","13.942307692307693","0","0.0","9.989999771118164",,"3","31","16","4","0.641025641025641","0","0.0","9.99",,"0","1","1","2025-12-31"
"tanitabs toothpaste tablets","145","184","4570","16","0.350109409190372","89","48.369565217391305","1","1.1235955056179776","18.989999771118164","25.0","16","21","11","20","10.869565217391305","0","0.0","23.950000762939453",,"1","1","2","5","2.717391304347826","0","0.0","23.95",,"0","0","2","2025-12-31"
"tooth paste pearls","146","10","242","16","6.6115702479338845","5","50.0","1","20.0","23.0","18.989999771118164","0","1","1","0","0.0","0",,,,"0","0","0","0","0.0","0",,,,"0","0","0","2025-12-31"
"toothpaste tablets no fluoride","147","444","11210","53","0.4727921498661909","304","68.46846846846847","0","0.0","15.989999771118164",,"43","54","54","90","20.27027027027027","0","0.0","15.989999771118164",,"16","15","21","31","6.981981981981981","0","0.0","15.99",,"10","7","7","2025-12-31"
"humble toothpaste tablets","148","113","2868","16","0.5578800557880056","111","98.23008849557522","1","0.9009009009009009","20.989999771118164","18.989999771118164","0","16","45","29","25.663716814159294","0","0.0","23.989999771118164",,"0","6","4","16","14.15929203539823","0","0.0","23.99",,"0","4","2","2025-12-31"
"baby fluoride toothpaste","149","2426","60532","53","0.0875569946474592","1765","72.75350370981039","0","0.0","8.989999771118164",,"372","591","262","375","15.457543281121186","0","0.0","8.989999771118164",,"98","125","59","193","7.955482275350372","0","0.0","8.99",,"50","74","32","2025-12-31"
"toothpaste tablet container","150","52","1117","16","1.432408236347359","14","26.923076923076923","1","7.142857142857143","9.989999771118164","25.0","3","4","3","2","3.8461538461538463","0","0.0","6.75",,"0","1","1","1","1.9230769230769231","0","0.0","6.75",,"0","1","0","2025-12-31"
"travel size toothpaste 3 oz","151","2155","64720","52","0.08034610630407911","1287","59.7215777262181","0","0.0","7.949999809265137",,"380","398","172","585","27.1461716937355","0","0.0","6.989999771118164",,"153","196","91","342","15.870069605568446","0","0.0","6.99",,"103","116","55","2025-12-31"
"travel crest toothpaste","152","910","27254","14","0.05136860644309092","463","50.879120879120876","1","0.2159827213822894","8.989999771118164","12.989999771118164","64","145","116","233","25.604395604395602","0","0.0","8.899999618530273",,"32","75","60","143","15.714285714285714","0","0.0","8.89",,"24","51","31","2025-12-31"
"marvis travel size toothpaste","153","2186","56771","50","0.088073135932078","1584","72.46111619396157","0","0.0","10.100000381469727",,"343","452","292","639","29.231473010064047","0","0.0","6.0",,"129","198","140","315","14.409881061299176","0","0.0","6.0",,"80","103","68","2025-12-31"
"fluoride free toothpaste tablets","154","113","3487","13","0.37281330656724976","77","68.14159292035397","1","1.2987012987012987","14.989999771118164","12.989999771118164","8","17","22","20","17.699115044247787","0","0.0","15.989999771118164",,"0","5","4","4","3.5398230088495577","0","0.0","15.99",,"0","2","1","2025-12-31"
"tooth paste tablets","155","407","11836","50","0.4224400135180804","255","62.65356265356266","0","0.0","12.989999771118164",,"17","46","57","74","18.181818181818183","0","0.0","12.989999771118164",,"7","21","18","32","7.862407862407863","0","0.0","16.95",,"4","8","8","2025-12-31"
"toothpaste tablets refill","156","93","2236","13","0.5813953488372093","54","58.06451612903226","1","1.8518518518518519","12.989999771118164","25.0","1","3","6","17","18.27956989247312","0","0.0","12.0",,"1","2","1","2","2.1505376344086025","0","0.0","12.0",,"0","0","0","2025-12-31"
"dental pearls","157","18","347","13","3.7463976945244957","10","55.55555555555556","1","10.0","7.989999771118164","25.0","1","6","1","3","16.666666666666664","0","0.0","7.989999771118164",,"1","0","0","2","11.11111111111111","0","0.0","7.99",,"1","0","0","2025-12-31"
"canary toothpaste tablets","158","233","5548","12","0.21629416005767843","127","54.506437768240346","1","0.7874015748031497","14.949999809265137","12.989999771118164","5","11","42","43","18.4549356223176","0","0.0","14.949999809265137",,"1","5","12","23","9.871244635193133","0","0.0","14.95",,"1","4","6","2025-12-31"
"tooth sensitivity relief","159","1575","41111","49","0.11918951132300358","995","63.17460317460317","0","0.0","9.949999809265137",,"131","284","198","279","17.71428571428571","0","0.0","9.020000457763672",,"45","96","56","139","8.825396825396826","0","0.0","9.02",,"25","53","27","2025-12-31"
"toothpaste tablets with flouride and xylitol","160","7","366","11","3.0054644808743167","6","85.71428571428571","1","16.666666666666668","9.989999771118164","25.0","0","0","4","0","0.0","0",,,,"0","0","0","0","0.0","0",,,,"0","0","0","2025-12-31"
"toothpaste travel tablets","161","16","656","11","1.6768292682926829","8","50.0","1","12.5","9.989999771118164","12.989999771118164","0","1","3","1","6.25","0","0.0","5.989999771118164",,"0","0","0","0","0.0","0",,,,"0","0","0","2025-12-31"
"sensodyne","162","58029","1844307","11","5.964299869815601E-4","30398","52.3841527512106","1","0.0032896901111915257","16.149999618530273","12.989999771118164","7746","8837","4323","13980","24.091402574574783","0","0.0","13.369999885559082",,"3965","4403","1917","7684","13.24165503455169","0","0.0","13.37",,"2368","2525","1104","2025-12-31"
"toothpaste glass jar","163","23","528","10","1.893939393939394","14","60.86956521739131","1","7.142857142857143","19.989999771118164","14.0","1","6","0","3","13.043478260869565","0","0.0","14.989999771118164",,"0","0","0","0","0.0","0",,,,"0","0","0","2025-12-31"
"vanilla toothpaste with fluoride","164","125","3632","10","0.2753303964757709","103","82.39999999999999","1","0.970873786407767","12.989999771118164","20.0","8","10","18","22","17.599999999999998","0","0.0","8.989999771118164",,"4","3","5","11","8.799999999999999","0","0.0","9.99",,"2","1","4","2025-12-31"
"travel size toothpaste fluoride free","165","240","6350","10","0.15748031496062992","178","74.16666666666667","1","0.5617977528089888","6.5","12.989999771118164","29","65","25","54","22.5","0","0.0","5.949999809265137",,"10","20","9","24","10.0","0","0.0","5.95",,"6","13","1","2025-12-31"
"sea glass decor","166","9182","238111","10","0.00419972197840503","3217","35.03593988237857","1","0.031084861672365557","18.040000915527344","15.0","58","347","700","763","8.309736440862556","0","0.0","18.0",,"20","106","175","162","1.7643214985841864","0","0.0","18.0",,"6","34","37","2025-12-31"
"toothpaste tablets made in usa","167","11","373","9","2.4128686327077746","8","72.72727272727273","1","12.5","14.949999809265137","12.989999771118164","1","3","2","1","9.090909090909092","0","0.0","6.989999771118164",,"0","1","0","1","9.090909090909092","0","0.0","6.99",,"0","1","0","2025-12-31"
"toothpaste jar","168","159","3861","46","1.1914011914011915","69","43.39622641509434","0","0.0","9.949999809265137",,"6","13","18","14","8.80503144654088","0","0.0","7.989999771118164",,"1","4","2","4","2.515723270440252","0","0.0","7.98",,"0","2","1","2025-12-31"
"peral toothpaste","169","4","78","8","10.256410256410257","1","25.0","1","100.0","12.989999771118164","12.989999771118164","0","0","1","0","0.0","0",,,,"0","0","0","0","0.0","0",,,,"0","0","0","2025-12-31"
"sensitivity toothpaste tabs","170","4","84","8","9.523809523809524","3","75.0","1","33.333333333333336","15.989999771118164","12.989999771118164","0","0","0","0","0.0","0",,,,"0","0","0","0","0.0","0",,,,"0","0","0","2025-12-31"
"perla toothpaste","171","149","3218","45","1.3983840894965818","97","65.1006711409396","0","0.0","15.970000267028809",,"13","35","19","33","22.14765100671141","0","0.0","15.970000267028809",,"3","14","6","12","8.053691275167784","0","0.0","15.98",,"0","4","3","2025-12-31"
"solid toothpaste tablets with fluoride","172","5","224","8","3.5714285714285716","3","60.0","1","33.333333333333336","15.989999771118164","25.0","0","0","3","0","0.0","0",,,,"0","0","0","0","0.0","0",,,,"0","0","0","2025-12-31"
"kids vanilla toothpaste","173","103","2346","8","0.3410059676044331","110","106.79611650485437","1","0.9090909090909091","8.989999771118164","20.0","13","24","20","41","39.80582524271845","0","0.0","8.989999771118164",,"8","6","5","18","17.475728155339805","0","0.0","8.99",,"5","3","1","2025-12-31"
"baby toothpaste fluoride","174","575","13580","8","0.05891016200294551","491","85.3913043478261","1","0.20366598778004075","8.989999771118164","20.0","78","182","87","94","16.34782608695652","0","0.0","9.899999618530273",,"15","41","15","42","7.304347826086957","0","0.0","8.99",,"6","16","10","2025-12-31"
"p�rla original toothpaste tablets with fluoride | 62 tabs, 1 month supply | eco-friendly bites in sustainable packaging | peppermint flavour | natural whitening, gluten free","175","100","3890","45","1.1568123393316196","20","20.0","0","0.0","11.989999771118164",,"0","3","1","0","0.0","0",,,,"0","0","0","0","0.0","0",,,,"0","0","0","2025-12-31"
"sensodyne toothpaste","176","354491","9012849","44","4.881919135669531E-4","231325","65.25553540146294","0","0.0","13.369999885559082",,"62988","69574","34175","118189","33.34047973009188","0","0.0","13.369999885559082",,"35431","37471","16765","69964","19.73646721637503","0","0.0","13.37",,"22696","23320","9882","2025-12-31"
"sensitive toothpaste travel","177","29","848","7","0.8254716981132075","23","79.3103448275862","1","4.3478260869565215","5.75","12.989999771118164","4","2","4","18","62.06896551724138","0","0.0","5.650000095367432",,"2","2","4","9","31.03448275862069","0","0.0","2.49",,"2","1","2","2025-12-31"
"crush brush toothpaste tablets","178","19","516","7","1.3565891472868217","31","163.1578947368421","1","3.225806451612903","14.989999771118164","18.989999771118164","0","1","0","4","21.052631578947366","0","0.0","9.989999771118164",,"0","1","0","0","0.0","0",,,,"0","0","0","2025-12-31"
"sensitive teeth toothpaste tabs","179","17","342","7","2.046783625730994","10","58.82352941176471","1","10.0","15.989999771118164","24.989999771118164","1","1","1","2","11.76470588235294","0","0.0","7.989999771118164",,"1","0","0","1","5.88235294117647","0","0.0","19.99",,"1","0","0","2025-12-31"
"compressed toothpaste","180","11","217","7","3.225806451612903","5","45.45454545454545","1","20.0","14.989999771118164",,"0","0","2","1","9.090909090909092","0","0.0","9.989999771118164",,"0","0","1","0","0.0","0",,,,"0","0","0","2025-12-31"
"toothpaste tablets fluoride free","181","72","1986","6","0.3021148036253776","91","126.38888888888889","1","1.098901098901099","15.989999771118164","25.0","2","3","12","15","20.833333333333336","0","0.0","15.989999771118164",,"1","0","8","3","4.166666666666666","0","0.0","9.99",,"0","0","1","2025-12-31"
"toothpaste bites tablets with fluoride","182","3","180","6","3.3333333333333335","4","133.33333333333331","1","25.0","16.989999771118164","12.989999771118164","0","0","0","0","0.0","0",,,,"0","0","0","0","0.0","0",,,,"0","0","0","2025-12-31"
"recaldent","183","629","18761","6","0.03198123767389798","398","63.27503974562798","1","0.25125628140703515","13.0","12.989999771118164","25","69","68","46","7.3131955484896665","0","0.0","13.0",,"2","16","12","21","3.338632750397456","0","0.0","13.0",,"1","7","7","2025-12-31"
"mint toothpaste","184","3739","117359","6","0.005112518000323793","1791","47.9005081572613","1","0.05583472920156337","10.5","12.989999771118164","430","481","224","752","20.112329499866274","0","0.0","9.050000190734863",,"190","204","108","393","10.51083177320139","0","0.0","9.0",,"120","114","54","2025-12-31"
"whitening toothpaste tablets","185","102","3143","43","1.368119630925867","55","53.92156862745098","0","0.0","15.989999771118164",,"9","6","25","16","15.686274509803921","0","0.0","9.989999771118164",,"2","3","7","4","3.9215686274509802","0","0.0","9.99",,"1","0","2","2025-12-31"
"toothpaste travel size","186","16141","434648","43","0.009893062892271447","10503","65.07031782417447","0","0.0","7.239999771118164",,"2429","3386","1900","4512","27.953658385477976","0","0.0","6.889999866485596",,"1185","1583","733","2502","15.500898333436592","0","0.0","6.89",,"739","935","414","2025-12-31"
"travel size toothpaste tablets","187","15","377","6","1.5915119363395225","5","33.33333333333333","1","20.0","9.989999771118164","9.989999771118164","1","0","2","2","13.333333333333334","0","0.0","9.989999771118164",,"1","0","1","0","0.0","0",,,,"0","0","0","2025-12-31"
"pearl drops tooth paste","188","10","283","5","1.7667844522968197","13","130.0","1","7.6923076923076925","13.220000267028809","24.989999771118164","0","0","1","8","80.0","0","0.0","9.970000267028809",,"0","0","0","7","70.0","0","0.0","9.97",,"0","0","0","2025-12-31"
"baby toothpaste with floride","189","20","514","5","0.9727626459143969","24","120.0","1","4.166666666666667","7.96999979019165","20.0","1","7","1","4","20.0","0","0.0","2.490000009536743",,"0","3","0","3","15.0","0","0.0","7.97",,"0","2","0","2025-12-31"
"toothpaste tablet refill","190","26","843","5","0.5931198102016607","16","61.53846153846154","1","6.25","12.5","12.989999771118164","1","4","5","5","19.230769230769234","0","0.0","16.989999771118164",,"0","2","1","3","11.538461538461538","0","0.0","16.99",,"0","1","1","2025-12-31"
"toothpaste tablet travel tin","191","6","128","5","3.90625","3","50.0","1","33.333333333333336",,,"0","0","0","0","0.0","0",,,,"0","0","0","0","0.0","0",,,,"0","0","0","2025-12-31"
"toothpaste tablets bite fluoride","192","4","89","5","5.617977528089888","2","50.0","1","50.0","12.989999771118164","12.989999771118164","0","0","2","0","0.0","0",,,,"0","0","0","0","0.0","0",,,,"0","0","0","2025-12-31"
"bubblegum toothpaste pearls","193","4","79","5","6.329113924050633","16","400.0","1","6.25","11.369999885559082","12.989999771118164","0","0","11","1","25.0","0","0.0","14.989999771118164",,"0","0","0","0","0.0","0",,,,"0","0","0","2025-12-31"
"toothpaste tabs with fluoride sensitive","194","4","81","5","6.172839506172839","2","50.0","1","50.0","12.989999771118164","12.989999771118164","0","0","1","0","0.0","0",,,,"0","0","0","0","0.0","0",,,,"0","0","0","2025-12-31"
"sensodyne travel size toothpaste","195","3257","90351","42","0.046485373709200785","2354","72.27509978507828","0","0.0","4.0",,"713","800","325","1159","35.5848940743015","0","0.0","3.5399999618530273",,"378","412","162","700","21.492170709241634","0","0.0","3.98",,"245","258","99","2025-12-31"
"toddlee toothpaste","196","43","1045","4","0.3827751196172249","44","102.32558139534885","1","2.272727272727273","7.989999771118164","20.0","5","5","4","19","44.18604651162791","0","0.0","9.489999771118164",,"5","5","4","14","32.55813953488372","0","0.0","4.56",,"4","4","3","2025-12-31"
"toothpaste tablets nano-hydroxyapatite","197","79","1916","4","0.20876826722338204","51","64.55696202531645","1","1.9607843137254901","15.989999771118164","18.989999771118164","9","22","7","9","11.39240506329114","0","0.0","9.989999771118164",,"0","1","3","2","2.5316455696202533","0","0.0","5.99",,"0","0","0","2025-12-31"
"toothpaste tablets s with fluoride","198","2","66","4","6.0606060606060606","1","50.0","1","100.0","18.989999771118164","18.989999771118164","0","0","0","0","0.0","0",,,,"0","0","0","0","0.0","0",,,,"0","0","0","2025-12-31"
"plain toothpaste","199","168","4396","4","0.09099181073703366","112","66.66666666666666","1","0.8928571428571429","9.289999961853027","15.0","27","28","6","35","20.833333333333336","0","0.0","5.909999847412109",,"7","9","0","17","10.119047619047619","0","0.0","5.61",,"4","5","0","2025-12-31"
"zero waste personal care","200","19","455","4","0.8791208791208791","15","78.94736842105263","1","6.666666666666667","14.989999771118164","18.989999771118164","0","0","5","3","15.789473684210526","0","0.0","6.989999771118164",,"0","0","0","0","0.0","0",,,,"0","0","0","2025-12-31"
"chewable toothpaste","201","537","17302","41","0.23696682464454977","262","48.78957169459962","0","0.0","15.989999771118164",,"31","68","74","51","9.497206703910614","0","0.0","14.989999771118164",,"8","13","14","12","2.2346368715083798","0","0.0","15.99",,"2","3","4","2025-12-31"
"pearla tooth","202","3","58","4","6.896551724137931","7","233.33333333333334","1","14.285714285714286","9.989999771118164","25.0","0","0","0","0","0.0","0",,,,"0","0","0","0","0.0","0",,,,"0","0","0","2025-12-31"
"hydroxyapatite toothpaste tablets fluoride free","203","85","1869","4","0.21401819154628143","75","88.23529411764706","1","1.3333333333333333","19.989999771118164","12.989999771118164","5","18","9","23","27.058823529411764","0","0.0","19.989999771118164",,"2","9","3","11","12.941176470588237","0","0.0","19.99",,"1","6","1","2025-12-31"
"pearl floride","204","2","40","4","10.0","1","50.0","1","100.0","18.989999771118164","18.989999771118164","0","0","1","0","0.0","0",,,,"0","0","0","0","0.0","0",,,,"0","0","0","2025-12-31"
"pearl toothpaste organic","205","3","64","4","6.25","1","33.33333333333333","1","100.0","18.989999771118164","18.989999771118164","0","1","0","0","0.0","0",,,,"0","0","0","0","0.0","0",,,,"0","0","0","2025-12-31"
"pearl powder toothpaste","206","294","6976","41","0.5877293577981652","182","61.904761904761905","0","0.0","17.989999771118164",,"13","32","36","48","16.3265306122449","0","0.0","18.0",,"4","6","18","9","3.061224489795918","0","0.0","12.99",,"0","1","5","2025-12-31"
"pump kids toothpaste","207","74","1704","4","0.2347417840375587","96","129.72972972972974","1","1.0416666666666667","12.510000228881836","20.0","8","14","14","19","25.675675675675674","0","0.0","12.5",,"4","6","2","8","10.81081081081081","0","0.0","12.99",,"1","4","0","2025-12-31"
"ec30 water activated toothpaste discs whitening","208","3","60","3","5.0","2","66.66666666666666","1","50.0","9.989999771118164","12.989999771118164","0","0","0","1","33.33333333333333","0","0.0","9.989999771118164",,"0","0","0","0","0.0","0",,,,"0","0","0","2025-12-31"
"pearl toothpaste in jar","209","1","22","3","13.636363636363637","1","100.0","1","100.0","18.989999771118164","18.989999771118164","0","1","0","0","0.0","0",,,,"0","0","0","0","0.0","0",,,,"0","0","0","2025-12-31"
"pearl pops toothpaste","210","32","659","40","6.0698027314112295","13","40.625","0","0.0","23.0",,"0","1","4","7","21.875","0","0.0","23.0",,"0","1","3","2","6.25","0","0.0","23.0",,"0","1","0","2025-12-31"
"toothpaste bites","211","187","4881","40","0.8195041999590248","132","70.58823529411765","0","0.0","19.989999771118164",,"7","29","28","42","22.459893048128343","0","0.0","18.950000762939453",,"2","13","12","9","4.81283422459893","0","0.0","15.99",,"0","2","5","2025-12-31"
"bite toothpaste tablets with fluoride","212","94","2746","40","1.4566642388929352","58","61.702127659574465","0","0.0","24.989999771118164",,"5","17","18","8","8.51063829787234","0","0.0","23.989999771118164",,"0","2","3","5","5.319148936170213","0","0.0","23.99",,"0","2","2","2025-12-31"
"perls toothpaste","213","1","60","3","5.0","1","100.0","1","100.0","12.989999771118164","12.989999771118164","0","0","1","0","0.0","0",,,,"0","0","0","0","0.0","0",,,,"0","0","0","2025-12-31"
"individually wrapped mouthwash tablets","214","3","65","3","4.615384615384615","1","33.33333333333333","1","100.0","12.989999771118164","12.989999771118164","0","0","1","0","0.0","0",,,,"0","0","0","0","0.0","0",,,,"0","0","0","2025-12-31"
"pellet toothpaste with fluoride","215","3","180","3","1.6666666666666667","2","66.66666666666666","1","50.0","6.989999771118164","18.989999771118164","0","1","0","0","0.0","0",,,,"0","0","0","0","0.0","0",,,,"0","0","0","2025-12-31"
"smyle chewable toothpaste tablets with fluoride","216","3","180","3","1.6666666666666667","1","33.33333333333333","1","100.0","12.989999771118164","12.989999771118164","0","1","0","0","0.0","0",,,,"0","0","0","0","0.0","0",,,,"0","0","0","2025-12-31"
"sale","217","469780","10663988","3","2.8132064664738934E-5","101669","21.64183234705607","1","9.835839833184157E-4","8.489999771118164",,"12975","19026","16349","7960","1.694410149431649","0","0.0","6.489999771118164",,"1092","1501","1118","2375","0.5055557920728853","0","0.0","5.7",,"317","459","354","2025-12-31"
"toothpaste tablets sensitive","218","18","334","3","0.8982035928143712","6","33.33333333333333","1","16.666666666666668","20.0","12.989999771118164","0","2","3","1","5.555555555555555","0","0.0","20.0",,"0","1","0","0","0.0","0",,,,"0","0","0","2025-12-31"
"chewable toothpaste tablets with fluoride","219","36","1579","40","2.53324889170361","22","61.111111111111114","0","0.0","12.989999771118164",,"0","12","3","7","19.444444444444446","0","0.0","12.989999771118164",,"0","2","2","3","8.333333333333332","0","0.0","12.0",,"0","0","2","2025-12-31"
"pearl tooth powder","220","103","2626","3","0.11424219345011424","57","55.33980582524271","1","1.7543859649122806","18.989999771118164","18.989999771118164","0","14","6","8","7.766990291262135","0","0.0","13.989999771118164",,"0","1","2","3","2.912621359223301","0","0.0","13.99",,"0","1","0","2025-12-31"
"pearl relief paste","221","2","34","2","5.882352941176471","3","150.0","1","33.333333333333336","21.989999771118164","25.0","1","0","0","0","0.0","0",,,,"0","0","0","0","0.0","0",,,,"0","0","0","2025-12-31"
"r & o toothpaste amazon malaysia","222","4","30","2","6.666666666666667","2","50.0","1","50.0",,,"0","0","0","0","0.0","0",,,,"0","0","0","0","0.0","0",,,,"0","0","0","2025-12-31"
"skin whitening oral tablets made from japan￼ tablets","223","2","40","2","5.0","2","100.0","1","50.0","18.989999771118164","18.989999771118164","0","1","1","0","0.0","0",,,,"0","0","0","0","0.0","0",,,,"0","0","0","2025-12-31"
"pearl powder teeth","224","180","4384","2","0.04562043795620438","174","96.66666666666667","1","0.5747126436781609","16.989999771118164","25.0","23","15","18","28","15.555555555555555","0","0.0","12.84000015258789",,"2","2","6","6","3.3333333333333335","0","0.0","8.99",,"1","1","2","2025-12-31"
"pearl naturals toothpaste","225","3","61","2","3.278688524590164","1","33.33333333333333","1","100.0","25.0","25.0","0","1","0","0","0.0","0",,,,"0","0","0","0","0.0","0",,,,"0","0","0","2025-12-31"
"no spit chewable mouthwash","226","9","199","2","1.0050251256281406","6","66.66666666666666","1","16.666666666666668","14.989999771118164","12.989999771118164","0","0","0","0","0.0","0",,,,"0","0","0","0","0.0","0",,,,"0","0","0","2025-12-31"
"toopaste","227","117","3116","2","0.06418485237483953","60","51.28205128205128","1","1.6666666666666667","13.5","15.0","9","13","19","25","21.367521367521366","0","0.0","13.960000038146973",,"6","8","6","19","16.23931623931624","0","0.0","13.96",,"5","5","4","2025-12-31"
"peppermint fluoride free toothpaste","228","37","1125","2","0.17777777777777778","25","67.56756756756756","1","4.0","11.989999771118164","12.989999771118164","11","6","6","3","8.108108108108109","0","0.0","5.590000152587891",,"2","1","0","0","0.0","0",,,,"0","0","0","2025-12-31"
"whitening flouride toothpaste tablets","229","2","40","2","5.0","2","100.0","1","50.0","12.989999771118164","12.989999771118164","0","0","0","0","0.0","0",,,,"0","0","0","0","0.0","0",,,,"0","0","0","2025-12-31"
"pearl paste tooth","230","2","40","2","5.0","1","50.0","1","100.0","25.0","25.0","0","0","1","0","0.0","0",,,,"0","0","0","0","0.0","0",,,,"0","0","0","2025-12-31"
"ultrabrite toothpaste","231","1972","58473","2","0.0034203820566757305","1191","60.39553752535497","1","0.08396305625524769","12.960000038146973","12.989999771118164","63","219","214","532","26.97768762677485","0","0.0","9.210000038146973",,"19","105","114","341","17.2920892494929","0","0.0","10.02",,"12","70","80","2025-12-31"
"toothpaste travel size 3 oz","232","959","29679","39","0.1314060446780552","522","54.43169968717414","0","0.0","6.989999771118164",,"121","162","79","236","24.608967674661105","0","0.0","6.489999771118164",,"65","80","37","155","16.16266944734098","0","0.0","6.49",,"51","53","27","2025-12-31"
"toothpaste mini travel","233","13","328","2","0.6097560975609756","5","38.46153846153847","1","20.0","1.9900000095367432","12.989999771118164","3","1","0","1","7.6923076923076925","0","0.0","1.9900000095367432",,"1","0","0","1","7.6923076923076925","0","0.0","1.99",,"1","0","0","2025-12-31"
"toothpaste packaging","234","14","282","2","0.7092198581560284","2","14.285714285714285","1","50.0","4.96999979019165","25.0","0","0","0","0","0.0","0",,,,"0","0","0","0","0.0","0",,,,"0","0","0","2025-12-31"
"￼dentist toothpaste no fluoride","235","5","104","2","1.9230769230769231","15","300.0","1","6.666666666666667","12.989999771118164","25.0","0","9","0","1","20.0","0","0.0","9.989999771118164",,"0","0","0","1","20.0","0","0.0","9.99",,"0","0","0","2025-12-31"
"travel toothpaste sulfate free","236","7","191","2","1.0471204188481675","3","42.857142857142854","1","33.333333333333336","12.989999771118164","12.989999771118164","0","0","1","0","0.0","0",,,,"0","0","0","0","0.0","0",,,,"0","0","0","2025-12-31"
"toothpaste tablets pearl","237","1","60","2","3.3333333333333335","1","100.0","1","100.0","24.989999771118164","24.989999771118164","0","0","0","0","0.0","0",,,,"0","0","0","0","0.0","0",,,,"0","0","0","2025-12-31"
"calcium toothpaste tablets","238","5","110","2","1.8181818181818181","5","100.0","1","20.0","12.989999771118164","12.989999771118164","0","0","0","0","0.0","0",,,,"0","0","0","0","0.0","0",,,,"0","0","0","2025-12-31"
"fluoride toothpaste tablets one week","239","2","66","2","3.0303030303030303","1","50.0","1","100.0","12.989999771118164","12.989999771118164","0","0","0","0","0.0","0",,,,"0","0","0","0","0.0","0",,,,"0","0","0","2025-12-31"
"mint toothpaste tablets with fluoride","240","1","22","2","9.090909090909092","1","100.0","1","100.0","12.989999771118164","12.989999771118164","0","1","0","0","0.0","0",,,,"0","0","0","0","0.0","0",,,,"0","0","0","2025-12-31"
"star confetti toothpaste","241","3","56","2","3.5714285714285716","9","300.0","1","11.11111111111111","9.739999771118164","18.989999771118164","0","0","3","0","0.0","0",,,,"0","0","0","0","0.0","0",,,,"0","0","0","2025-12-31"
"bite tablets","242","40","1121","2","0.1784121320249777","26","65.0","1","3.8461538461538463","24.989999771118164","12.989999771118164","1","9","0","4","10.0","0","0.0","24.989999771118164",,"0","2","0","1","2.5","0","0.0","24.99",,"0","0","0","2025-12-31"
"fluoride toothpaste tablets fruit flavor","243","8","177","2","1.1299435028248588","63","787.5","1","1.5873015873015872","12.989999771118164","18.989999771118164","26","0","0","0","0.0","0",,,,"0","0","0","0","0.0","0",,,,"0","0","0","2025-12-31"
"colgate total whitening toothpaste paste","244","186","6596","2","0.030321406913280776","119","63.97849462365591","1","0.8403361344537815","14.680000305175781","12.989999771118164","28","19","22","57","30.64516129032258","0","0.0","14.699999809265137",,"10","13","12","43","23.118279569892472","0","0.0","14.7",,"6","11","9","2025-12-31"
"crest unflavored toothpaste","245","46","1237","2","0.16168148746968472","29","63.04347826086957","1","3.4482758620689653","14.979999542236328","25.0","0","4","9","8","17.391304347826086","0","0.0","7.0",,"0","2","3","4","8.695652173913043","0","0.0","7.0",,"0","0","1","2025-12-31"
"hydroxyapatite toothpaste tablets","246","792","22074","38","0.17214822868533117","574","72.47474747474747","0","0.0","12.989999771118164",,"39","79","124","143","18.055555555555554","0","0.0","9.989999771118164",,"8","26","39","44","5.555555555555555","0","0.0","9.99",,"3","11","14","2025-12-31"
"lush refresher toothpaste tab","247","1","14","1","7.142857142857143","1","100.0","1","100.0","18.989999771118164","18.989999771118164","0","0","0","0","0.0","0",,,,"0","0","0","0","0.0","0",,,,"0","0","0","2025-12-31"
"disolve toothpaste","248","1","20","1","5.0","11","1100.0","1","9.090909090909092","12.989999771118164","18.989999771118164","7","2","1","0","0.0","0",,,,"0","0","0","0","0.0","0",,,,"0","0","0","2025-12-31"
"kids foam toothpaste vanilla","249","7","147","1","0.6802721088435374","35","500.0","1","2.857142857142857","13.989999771118164","20.0","0","1","19","0","0.0","0",,,,"0","0","0","0","0.0","0",,,,"0","0","0","2025-12-31"
"professional dental cavity filling","250","7","143","1","0.6993006993006993","36","514.2857142857143","1","2.7777777777777777","19.989999771118164","18.989999771118164","0","1","28","9","128.57142857142858","0","0.0","24.989999771118164",,"0","0","8","1","14.285714285714285","0","0.0","39.99",,"0","0","1","2025-12-31"
"cómo hacer una pasta para los huecos de los dientes","251","1","13","1","7.6923076923076925","10","1000.0","1","10.0","13.789999961853027",,"0","0","0","0","0.0","0",,,,"0","0","0","0","0.0","0",,,,"0","0","0","2025-12-31"
"bsoft sea pearls","252","1","18","1","5.555555555555555","1","100.0","1","100.0","15.0","15.0","0","0","0","0","0.0","0",,,,"0","0","0","0","0.0","0",,,,"0","0","0","2025-12-31"
"tooth pearl","253","12","237","1","0.4219409282700422","8","66.66666666666666","1","12.5","19.709999084472656","25.0","0","0","1","2","16.666666666666664","0","0.0","7.389999866485596",,"0","0","0","1","8.333333333333332","0","0.0","19.95",,"0","0","0","2025-12-31"
"dentiste premium quality","254","10","190","1","0.5263157894736842","15","150.0","1","6.666666666666667","21.520000457763672","18.989999771118164","0","3","2","5","50.0","0","0.0","21.520000457763672",,"0","0","0","0","0.0","0",,,,"0","0","0","2025-12-31"
"toddler toothpaste cavity protection","255","25","548","1","0.18248175182481752","38","152.0","1","2.6315789473684212","11.619999885559082","20.0","0","17","11","8","32.0","0","0.0","7.96999979019165",,"0","6","0","5","20.0","0","0.0","7.97",,"0","4","0","2025-12-31"
"300 toothpaste","256","19","389","1","0.2570694087403599","39","205.26315789473685","1","2.5641025641025643","34.9900016784668","25.0","0","8","14","4","21.052631578947366","0","0.0","35.9900016784668",,"0","0","2","1","5.263157894736842","0","0.0","29.79",,"0","0","1","2025-12-31"
"therabreath","257","69476","1810673","1","5.522808370147454E-5","40768","58.679256146007255","1","0.0024529042386185244","15.34000015258789","18.989999771118164","10267","11195","6147","19608","28.222695607116126","0","0.0","15.34000015258789",,"5379","5564","2993","8138","11.713397432206806","0","0.0","15.34",,"2676","2462","1263","2025-12-31"
"palences 10% mint","258","1","14","1","7.142857142857143","4","400.0","1","25.0","27.989999771118164","25.0","0","0","0","0","0.0","0",,,,"0","0","0","0","0.0","0",,,,"0","0","0","2025-12-31"
"牙周炎牙膏","259","69","1374","1","0.07278020378457059","33","47.82608695652174","1","3.0303030303030303","21.920000076293945",,"2","2","18","7","10.144927536231885","0","0.0","17.469999313354492",,"1","1","4","2","2.898550724637681","0","0.0","17.47",,"1","0","1","2025-12-31"
"baby toothpaste vanilla","260","1","20","1","5.0","5","500.0","1","20.0","8.140000343322754","20.0","0","3","0","0","0.0","0",,,,"0","0","0","0","0.0","0",,,,"0","0","0","2025-12-31"
"toddler toothpaste vanilla ph balance","261","2","41","1","2.4390243902439024","10","500.0","1","10.0","9.949999809265137","20.0","0","4","0","0","0.0","0",,,,"0","0","0","0","0.0","0",,,,"0","0","0","2025-12-31"
"kids vanilla foam toothpaste","262","6","128","1","0.78125","34","566.6666666666667","1","2.9411764705882355","11.989999771118164","20.0","0","2","17","1","16.666666666666664","0","0.0","8.989999771118164",,"0","0","1","0","0.0","0",,,,"0","0","0","2025-12-31"
"mineral rich toothpaste","263","24","482","1","0.2074688796680498","8","33.33333333333333","1","12.5","11.949999809265137","12.989999771118164","7","0","0","2","8.333333333333332","0","0.0","9.949999809265137",,"2","0","0","0","0.0","0",,,,"0","0","0","2025-12-31"
"sustainable products","264","7020","194444","1","5.142868897986052E-4","3769","53.68945868945869","1","0.026532236667551074","12.989999771118164","12.989999771118164","536","631","613","1035","14.743589743589745","0","0.0","12.989999771118164",,"136","151","165","103","1.4672364672364673","0","0.0","12.91",,"18","27","21","2025-12-31"
"travel size toothpaste tsa approved","265","280","9638","38","0.39427267067856403","126","45.0","0","0.0","6.989999771118164",,"18","41","24","70","25.0","0","0.0","6.989999771118164",,"10","25","12","37","13.214285714285715","0","0.0","6.99",,"5","15","6","2025-12-31"
"luha toothpaste tablets","266","43","884","1","0.11312217194570136","25","58.139534883720934","1","4.0","15.989999771118164","12.989999771118164","0","9","7","8","18.6046511627907","0","0.0","9.989999771118164",,"0","2","4","0","0.0","0",,,,"0","0","0","2025-12-31"
"𝙰qu𝒶~frësh extreme clean whitening action fluoride toothpaste, mint blast, 5.6 oz (pack of 3)","267","7","166","1","0.6024096385542169","46","657.1428571428571","1","2.1739130434782608","15.0",,"4","5","0","1","14.285714285714285","0","0.0","7.989999771118164",,"0","0","0","0","0.0","0",,,,"0","0","0","2025-12-31"
"pearl drops toothpaste ￼","268","2","41","1","2.4390243902439024","19","950.0","1","5.2631578947368425","16.100000381469727","18.989999771118164","2","6","6","0","0.0","0",,,,"0","0","0","0","0.0","0",,,,"0","0","0","2025-12-31"
"nano hydroxyapatite, glycerine free toothpaste","269","4","86","1","1.1627906976744187","35","875.0","1","2.857142857142857","14.350000381469727","12.989999771118164","0","0","0","0","0.0","0",,,,"0","0","0","0","0.0","0",,,,"0","0","0","2025-12-31"
"toothpaste pellets","270","140","4012","38","0.9471585244267199","115","82.14285714285714","0","0.0","15.989999771118164",,"19","23","13","34","24.285714285714285","0","0.0","15.989999771118164",,"4","6","7","18","12.857142857142856","0","0.0","9.99",,"2","6","2","2025-12-31"
"flouride toothpaste kids","271","69","1714","1","0.058343057176196034","61","88.40579710144928","1","1.639344262295082","9.989999771118164","20.0","7","12","9","23","33.33333333333333","0","0.0","8.899999618530273",,"4","9","6","13","18.84057971014493","0","0.0","8.42",,"4","3","3","2025-12-31"
"unpaste toothpaste","272","33","733","1","0.1364256480218281","25","75.75757575757575","1","4.0","12.989999771118164","12.989999771118164","0","8","7","7","21.21212121212121","0","0.0","12.989999771118164",,"0","3","2","3","9.090909090909092","0","0.0","12.99",,"0","2","0","2025-12-31"
"perla anticonceptiva","273","6","63","1","1.5873015873015872","3","50.0","1","33.333333333333336","34.9900016784668","25.0","0","0","0","0","0.0","0",,,,"0","0","0","0","0.0","0",,,,"0","0","0","2025-12-31"
"fluoride free toothbrush","274","18","489","1","0.20449897750511248","18","100.0","1","5.555555555555555","8.960000038146973","11.989999771118164","4","2","7","4","22.22222222222222","0","0.0","3.990000009536743",,"1","2","0","0","0.0","0",,,,"0","0","0","2025-12-31"
"tabletas pasta dental made in usa","275","4","87","1","1.1494252873563218","34","850.0","1","2.9411764705882355","15.989999771118164","18.989999771118164","0","0","0","1","25.0","0","0.0","15.989999771118164",,"0","0","0","0","0.0","0",,,,"0","0","0","2025-12-31"
"non florida toothpaste for adults","276","1118","32065","1","0.003118665211289568","791","70.75134168157425","1","0.1264222503160556","12.960000038146973","12.989999771118164","175","207","106","262","23.43470483005367","0","0.0","12.779999732971191",,"69","72","33","142","12.701252236135957","0","0.0","12.78",,"40","46","19","2025-12-31"
"tootpast tablets for gum and tooth sensitivity","277","1","33","1","3.0303030303030303","1","100.0","1","100.0","12.989999771118164","12.989999771118164","0","1","0","0","0.0","0",,,,"0","0","0","0","0.0","0",,,,"0","0","0","2025-12-31"
"whitening gel for toothpaste","278","39","982","1","0.10183299389002037","81","207.6923076923077","1","1.2345679012345678","16.989999771118164","12.989999771118164","40","16","6","4","10.256410256410255","0","0.0","12.979999542236328",,"2","0","1","0","0.0","0",,,,"0","0","0","2025-12-31"
"armer hammer toothpaste","279","173","4838","1","0.02066969822240595","109","63.005780346820806","1","0.9174311926605505","13.960000038146973","12.989999771118164","20","19","21","58","33.52601156069364","0","0.0","13.960000038146973",,"14","7","6","26","15.028901734104046","0","0.0","8.99",,"8","2","4","2025-12-31"
"probiotic pearl power toothpaste","280","1","22","1","4.545454545454546","5","500.0","1","20.0","9.949999809265137","18.989999771118164","1","1","0","0","0.0","0",,,,"0","0","0","0","0.0","0",,,,"0","0","0","2025-12-31"
"toothpaste for elderly no tube","281","4","83","1","1.2048192771084338","3","75.0","1","33.333333333333336","7.960000038146973","12.989999771118164","0","0","0","1","25.0","0","0.0","7.960000038146973",,"0","0","0","0","0.0","0",,,,"0","0","0","2025-12-31"
"pearl white toothpaste","282","114","2546","38","1.492537313432836","61","53.50877192982456","0","0.0","11.989999771118164",,"12","15","17","22","19.298245614035086","0","0.0","9.970000267028809",,"3","3","5","8","7.017543859649122","0","0.0","11.99",,"1","1","3","2025-12-31"
"toothpaste tablet for sensitive teeth","283","1","20","1","5.0","1","100.0","1","100.0","12.989999771118164","12.989999771118164","0","0","1","0","0.0","0",,,,"0","0","0","0","0.0","0",,,,"0","0","0","2025-12-31"
"dis pastasi toothpaste fe for your beauty","284","5","94","1","1.0638297872340425","42","840.0","1","2.380952380952381","13.989999771118164",,"0","0","0","0","0.0","0",,,,"0","0","0","0","0.0","0",,,,"0","0","0","2025-12-31"
"fluoride dental tablets eco friendly","285","9","182","1","0.5494505494505495","4","44.44444444444444","1","25.0","15.989999771118164","25.0","0","0","0","0","0.0","0",,,,"0","0","0","0","0.0","0",,,,"0","0","0","2025-12-31"
"tablets with flouride for adults","286","1","60","1","1.6666666666666667","1","100.0","1","100.0","12.989999771118164","12.989999771118164","0","0","0","0","0.0","0",,,,"0","0","0","0","0.0","0",,,,"0","0","0","2025-12-31"
"toothpaste tablet pretty plastic jar","287","1","15","1","6.666666666666667","3","300.0","1","33.333333333333336","18.989999771118164","18.989999771118164","0","0","0","0","0.0","0",,,,"0","0","0","0","0.0","0",,,,"0","0","0","2025-12-31"
"toothpaste pills woth fluoride","288","1","20","1","5.0","1","100.0","1","100.0","12.989999771118164","12.989999771118164","0","1","0","0","0.0","0",,,,"0","0","0","0","0.0","0",,,,"0","0","0","2025-12-31"
"suri toothpaste restore","289","18","421","1","0.2375296912114014","29","161.11111111111111","1","3.4482758620689653","16.989999771118164","25.0","1","0","1","1","5.555555555555555","0","0.0","10.989999771118164",,"1","0","0","0","0.0","0",,,,"0","0","0","2025-12-31"
"tsa toothpaste solid","290","1","17","1","5.882352941176471","1","100.0","1","100.0","25.0","25.0","0","0","0","0","0.0","0",,,,"0","0","0","0","0.0","0",,,,"0","0","0","2025-12-31"
"toms travel size toothpaste","291","1201","33885","37","0.10919285819684225","742","61.78184845961698","0","0.0","7.679999828338623",,"102","212","169","269","22.398001665278937","0","0.0","7.110000133514404",,"30","74","75","145","12.073272273105745","0","0.0","7.11",,"18","38","52","2025-12-31"
